eID1, Iyana, 25, 38
eID1, Iyana, 24, 38
eID1, Iyana, 24, 37
eID1, Iyana, 25, 37
eID1, Iyana, 25, 36
eID2, Liliana, 34, 92
eID2, Liliana, 35, 92
eID2, Liliana, 35, 91
eID2, Liliana, 36, 91
eID2, Liliana, 36, 92
eID3, Ryann, 15, 31
eID3, Ryann, 16, 31
eID3, Ryann, 17, 31
eID3, Ryann, 17, 30
eID3, Ryann, 16, 30
eID4, Barbara, 4, 1
eID4, Barbara, 4, 2
eID4, Barbara, 5, 2
eID4, Barbara, 5, 1
eID4, Barbara, 6, 1
eID5, Iyana, 76, 6
eID5, Iyana, 76, 5
eID5, Iyana, 76, 4
eID5, Iyana, 77, 4
eID5, Iyana, 78, 4
eID6, Oren, 99, 51
eID6, Oren, 99, 50
eID6, Oren, 98, 50
eID6, Oren, 98, 49
eID6, Oren, 98, 48
